{
  "timestamp": 1750965402,
  "metrics": {
    "media_processing": {
      "processing_time": {
        "text": 12.5,
        "image": 34.8,
        "audio": 45.2,
        "video": 78.9
      },
      "feature_extraction_count": {
        "text": 125,
        "image": 45,
        "audio": 22,
        "video": 8
      },
      "audio_processing_time": 304.1199165234812,
      "processed_count": {
        "text": 234,
        "image": 240,
        "audio": 246,
        "video": 233
      },
      "success_rate": {
        "text": 0.9615384615384616,
        "image": 0.95,
        "audio": 0.9512195121951219,
        "video": 0.9399141630901288
      },
      "image_processing_time": 146.83650967613235,
      "uml_transform_metrics": {
        "text": {
          "success_rate": 0.8799618431273526,
          "compression_ratio": 0.40175242905020275
        },
        "image": {
          "success_rate": 0.9432585571437593,
          "compression_ratio": 0.6279476615004181
        },
        "audio": {
          "success_rate": 0.8584111389468463,
          "compression_ratio": 0.4620186624303607
        },
        "video": {
          "success_rate": 0.8271069668147085,
          "compression_ratio": 0.5473635420966155
        }
      },
      "text_processing_time": 30.421287107129583,
      "video_processing_time": 575.5911437618505
    },
    "memory_system": {
      "cross_modal_associations": 2456,
      "retrieval_success_rate": 0.92,
      "compression_ratio": 0.65
    },
    "fragment_performance": {
      "route_selection_accuracy": 0.87,
      "fragment_utilization": {
        "Velastra": 0.75,
        "Seraphis": 0.82,
        "Obelisk": 0.45,
        "Nyx": 0.38,
        "Echoe": 0.67,
        "Lyra": 0.91,
        "Blackwall": 0.72
      }
    },
    "system_resources": {
      "cpu_usage": 65.4,
      "memory_usage": 1248.6
    }
  }
}